Year,Team,Age,W,L,PW,PL,MOV,SOS,SRS,ORtg,DRtg,NRtg,Pace,FTr,3PAr,TS%,eFG%,TOV%,ORB%,FT/FGA,eFG%,TOV%,DRB%,FT/FGA,Arena,Attend.,Attend./G
2019,Milwaukee Bucks*,26.9,60,22,61,21,8.87,-0.82,8.04,113.8,105.2,8.6,103.3,0.255,0.419,0.583,0.55,12,20.8,0.197,0.503,11.5,80.3,0.162,Fiserv Forum,721692,17602
2019,Golden State Warriors*,28.4,57,25,56,26,6.46,-0.04,6.42,115.9,109.5,6.4,100.9,0.227,0.384,0.596,0.565,12.6,22.5,0.182,0.508,11.7,77.1,0.205,Oracle Arena,803436,19596
2019,Toronto Raptors*,27.3,58,24,56,26,6.09,-0.6,5.49,113.1,107.1,6,100.2,0.247,0.379,0.579,0.543,12.4,21.9,0.198,0.509,13.1,77.1,0.19,Scotiabank Arena,812822,19825
2019,Utah Jazz*,27.3,50,32,54,28,5.26,0.03,5.28,110.9,105.7,5.2,100.3,0.295,0.394,0.572,0.538,13.4,22.9,0.217,0.507,12.4,80.3,0.189,Vivint Smart Home Arena,750546,18306
2019,Houston Rockets*,29.2,53,29,53,29,4.77,0.19,4.96,115.5,110.7,4.8,97.9,0.279,0.519,0.581,0.542,12,22.8,0.221,0.525,13.4,74.4,0.21,Toyota Center,740392,18058
2019,Portland Trail Blazers*,26.2,53,29,51,31,4.2,0.24,4.43,114.7,110.5,4.2,99.1,0.258,0.339,0.568,0.528,12.1,26.6,0.21,0.516,11,77.9,0.195,Moda Center,799345,19496
2019,Denver Nuggets*,24.9,54,28,51,31,3.95,0.24,4.19,113,108.9,4.1,97.7,0.232,0.348,0.558,0.527,11.9,26.6,0.175,0.521,12.3,78,0.194,Pepsi Center,756457,18450
2019,Boston Celtics*,25.7,49,33,52,30,4.44,-0.54,3.9,112.2,107.8,4.4,99.6,0.215,0.381,0.567,0.534,11.5,21.6,0.173,0.514,13.4,77,0.198,TD Garden,763584,18624
2019,Oklahoma City Thunder*,25.7,49,33,50,32,3.4,0.15,3.56,110.3,107,3.3,102.8,0.266,0.347,0.545,0.514,11.7,26,0.19,0.523,14.4,78.2,0.206,Chesapeake Energy Arena,746323,18203
2019,Indiana Pacers*,27,48,34,50,32,3.33,-0.57,2.76,109.9,106.5,3.4,98.1,0.242,0.292,0.561,0.53,12.4,21.9,0.182,0.516,14.1,76.2,0.184,Bankers Life Fieldhouse,689310,16812
2019,Philadelphia 76ers*,26.4,51,31,48,34,2.7,-0.44,2.25,112.6,110,2.6,101.6,0.312,0.342,0.574,0.532,12.9,24.5,0.241,0.512,11.1,78.6,0.206,Wells Fargo Center,838342,20447
2019,San Antonio Spurs*,28.8,48,34,45,37,1.68,0.12,1.8,112.9,111.2,1.7,98.3,0.237,0.286,0.572,0.534,11,21,0.194,0.528,11,79.4,0.17,AT&T Center,750616,18308
2019,Los Angeles Clippers*,27.2,48,34,43,39,0.85,0.23,1.09,112.4,111.5,0.9,101.7,0.326,0.295,0.575,0.529,12.7,22,0.258,0.514,11.4,76,0.224,STAPLES Center,710327,17325
2019,Orlando Magic*,25.7,42,40,43,39,0.71,-0.43,0.28,108.9,108.1,0.8,98.1,0.216,0.36,0.55,0.518,11.9,22,0.168,0.515,11.8,79.7,0.186,Amway Center,720024,17431
2019,Brooklyn Nets*,25.4,42,40,41,41,-0.07,-0.33,-0.4,109.6,109.7,-0.1,100.8,0.284,0.403,0.556,0.52,13,23.8,0.211,0.512,11.6,76.4,0.19,Barclays Center,612597,14941
2019,Miami Heat,27,39,43,40,42,-0.23,-0.22,-0.45,107.3,107.6,-0.3,98.2,0.247,0.368,0.542,0.515,13.1,24.8,0.172,0.51,12.7,77.6,0.201,AmericanAirlines Arena,805264,19641
2019,Detroit Pistons*,26.9,41,41,40,42,-0.24,-0.31,-0.56,109,109.2,-0.2,97.4,0.262,0.394,0.544,0.509,12.3,24.8,0.195,0.526,12.8,78.7,0.211,Little Caesars Arena,675963,16487
2019,Sacramento Kings,24.8,39,43,38,44,-1.12,0.31,-0.81,110.4,111.5,-1.1,103.1,0.244,0.321,0.554,0.524,11.5,23.1,0.177,0.533,13.6,75.5,0.207,Golden 1 Center,700975,17097
2019,Dallas Mavericks,26.9,33,49,38,44,-1.28,0.42,-0.87,109.4,110.7,-1.3,99,0.291,0.422,0.555,0.519,12.7,22.7,0.216,0.522,11.6,77.5,0.191,American Airlines Center,820569,20014
2019,Minnesota Timberwolves,26.2,36,46,37,45,-1.5,0.48,-1.02,111.4,112.9,-1.5,100.2,0.267,0.315,0.552,0.511,11.4,24.6,0.21,0.538,12.9,74.9,0.19,Target Center,627543,15306
2019,New Orleans Pelicans,25.7,33,49,38,44,-1.33,0.23,-1.1,111.4,112.6,-1.2,103.3,0.254,0.324,0.563,0.529,12.6,24.1,0.193,0.532,11.6,76.8,0.193,Smoothie King Center,656183,16004
2019,Charlotte Hornets,26.6,39,43,38,44,-1.1,-0.22,-1.32,111.4,112.5,-1.1,98.7,0.257,0.378,0.554,0.514,10.9,21.7,0.205,0.538,12.1,77.1,0.179,Spectrum Center,676570,16502
2019,Los Angeles Lakers,26.2,37,45,37,45,-1.72,0.39,-1.33,107.8,109.5,-1.7,103.2,0.257,0.342,0.554,0.527,13.4,22.2,0.18,0.516,12.2,76.4,0.192,STAPLES Center,778877,18997
2019,Memphis Grizzlies,27.7,33,49,34,48,-2.6,0.51,-2.08,106.1,108.8,-2.7,96.6,0.272,0.342,0.548,0.508,12.9,20,0.21,0.521,13.9,77.6,0.232,FedEx Forum,638332,15569
2019,Washington Wizards,26.5,32,50,34,48,-2.9,-0.4,-3.3,111.1,113.9,-2.8,101.4,0.266,0.37,0.567,0.531,12.3,21.3,0.204,0.546,13.5,74.1,0.199,Capital One Arena,716996,17448
2019,Atlanta Hawks,25.1,29,53,27,55,-6.02,-0.04,-6.06,108.1,113.9,-5.8,103.9,0.255,0.403,0.555,0.522,14.3,24.7,0.192,0.541,12.8,76.4,0.237,State Farm Arena,628440,15328
2019,Chicago Bulls,24,22,60,21,61,-8.41,0.1,-8.32,104.8,113.2,-8.4,99,0.235,0.295,0.541,0.505,12.7,19.4,0.184,0.541,11.9,77.3,0.188,United Center,823475,20085
2019,Phoenix Suns,24,19,63,19,63,-9.34,0.73,-8.61,105.9,115.1,-9.2,100.5,0.259,0.335,0.552,0.514,13.8,20.5,0.202,0.545,13.5,72.5,0.236,Talking Stick Resort Arena,627023,15293
2019,New York Knicks,23.4,17,65,19,63,-9.21,0.28,-8.93,104.5,113.7,-9.2,99.6,0.27,0.334,0.529,0.49,12.4,22.1,0.205,0.533,11.7,76.1,0.203,Madison Square Garden (IV),779087,19002
2019,Cleveland Cavaliers,25.2,19,63,19,63,-9.61,0.22,-9.39,107.7,117.6,-9.9,96.6,0.236,0.332,0.54,0.503,12.2,23.7,0.187,0.564,11.5,77,0.181,Quicken Loans Arena,793337,19350
2018,Houston Rockets*,29.8,65,17,61,21,8.48,-0.27,8.21,114.7,106.1,8.6,97.6,0.298,0.502,0.59,0.551,12.7,21.3,0.233,0.521,13.4,79.9,0.171,Toyota Center,732722,17871
2018,Toronto Raptors*,25.8,59,23,60,22,7.78,-0.49,7.29,113.8,105.9,7.9,97.4,0.25,0.377,0.575,0.539,12.1,23,0.198,0.501,13,77.7,0.212,Air Canada Centre,813431,19840
2018,Golden State Warriors*,28.8,58,24,56,26,5.98,-0.19,5.79,113.6,107.6,6,99.6,0.239,0.339,0.603,0.569,14.1,21,0.195,0.504,12.6,76.3,0.186,Oracle Arena,803436,19596
2018,Utah Jazz*,26.7,48,34,53,29,4.3,0.17,4.47,108.4,103.9,4.5,95.7,0.26,0.357,0.564,0.527,13.7,21.5,0.202,0.506,14,79.8,0.19,Vivint Smart Home Arena,734806,17922
2018,Philadelphia 76ers*,25.8,52,30,53,29,4.5,-0.2,4.3,109.5,105,4.5,99.8,0.263,0.344,0.568,0.535,14.6,25.3,0.198,0.492,12.6,78.6,0.218,Wells Fargo Center,833503,20361
2018,Oklahoma City Thunder*,27.3,48,34,50,32,3.41,0,3.42,110.7,107.2,3.5,96.7,0.275,0.345,0.546,0.514,12.4,27.7,0.197,0.525,14.7,77.4,0.193,Chesapeake Energy Arena,746322,18203
2018,Boston Celtics*,24.7,55,27,51,31,3.59,-0.35,3.23,107.6,103.9,3.7,96,0.243,0.357,0.552,0.518,13,21.5,0.188,0.495,13,78.4,0.191,TD Garden,763584,18624
2018,San Antonio Spurs*,29.3,47,35,49,33,2.89,0,2.89,107.9,104.8,3.1,95,0.245,0.282,0.543,0.507,12.2,23.7,0.189,0.507,13.2,78.6,0.17,AT&T Center,754562,18404
2018,Portland Trail Blazers*,25.6,49,33,48,34,2.6,0,2.6,109.1,106.4,2.7,96.5,0.24,0.324,0.549,0.511,12.3,23.3,0.192,0.503,11.7,79.1,0.193,Moda Center,795750,19409
2018,Minnesota Timberwolves*,27.1,47,35,47,35,2.23,0.12,2.35,113.4,111.1,2.3,96,0.28,0.261,0.566,0.523,11.4,24.4,0.225,0.539,13.9,76.4,0.189,Target Center,699308,17056
2018,Denver Nuggets,25.1,46,36,45,37,1.48,0.09,1.57,112.5,111,1.5,96.8,0.258,0.357,0.57,0.536,13.4,25.7,0.198,0.539,12.6,77.5,0.173,Pepsi Center,702796,17141
2018,New Orleans Pelicans*,27.6,48,34,44,38,1.3,0.18,1.48,109.6,108.3,1.3,100.5,0.237,0.319,0.573,0.541,13.3,20,0.183,0.513,12.5,76.7,0.175,Smoothie King Center,673920,16437
2018,Indiana Pacers*,26.2,48,34,45,37,1.38,-0.2,1.18,109.5,108.1,1.4,96,0.222,0.284,0.557,0.525,12.3,22.7,0.173,0.527,14.2,76.2,0.174,Bankers Life Fieldhouse,658119,16052
2018,Cleveland Cavaliers*,30.6,50,32,43,39,0.94,-0.35,0.59,112.9,111.9,1,98,0.275,0.379,0.584,0.547,12.6,20.1,0.214,0.54,12.2,77.3,0.166,Quicken Loans Arena,843042,20562
2018,Washington Wizards*,26.9,43,39,43,39,0.59,-0.06,0.53,109.3,108.7,0.6,96.6,0.254,0.31,0.56,0.525,13.3,23.5,0.196,0.522,13.6,77.1,0.212,Capital One Arena,739302,18032
2018,Los Angeles Clippers,27,42,40,41,41,0.04,0.11,0.15,110.3,110.2,0.1,98.7,0.299,0.314,0.564,0.527,13.2,23.5,0.222,0.52,12.6,76.1,0.203,STAPLES Center,697812,17020
2018,Miami Heat*,26.5,44,38,42,40,0.48,-0.33,0.15,106.8,106.3,0.5,95.6,0.229,0.358,0.551,0.52,13.3,21.5,0.173,0.507,13.1,79,0.215,AmericanAirlines Arena,804850,19630
2018,Charlotte Hornets,26.6,36,46,42,40,0.26,-0.19,0.07,109.4,109.1,0.3,98.4,0.312,0.314,0.549,0.508,11.4,22.2,0.233,0.532,12.4,80.7,0.165,Spectrum Center,671404,16376
2018,Detroit Pistons,25.9,39,43,41,41,-0.15,-0.11,-0.26,107.2,107.3,-0.1,96.2,0.227,0.333,0.543,0.512,12.3,22.7,0.169,0.524,13.7,78.5,0.172,Little Caesars Arena,713945,17413
2018,Milwaukee Bucks*,25.9,44,38,40,42,-0.3,-0.15,-0.45,109.8,110.1,-0.3,96.2,0.281,0.297,0.571,0.531,12.9,20.4,0.22,0.528,14.2,75.9,0.22,BMO Harris Bradley Center,685303,16856
2018,Los Angeles Lakers,23.7,35,47,37,45,-1.55,0.11,-1.44,106.5,108,-1.5,100.3,0.264,0.329,0.548,0.517,13.8,23.6,0.188,0.514,12.5,77.7,0.19,STAPLES Center,776327,18935
2018,Dallas Mavericks,27.7,24,58,33,49,-3.04,0.34,-2.7,106.3,109.5,-3.2,95.6,0.217,0.382,0.544,0.513,11.6,18,0.166,0.532,12.9,78.9,0.193,American Airlines Center,811453,19792
2018,New York Knicks,26.3,29,53,32,50,-3.56,0.03,-3.53,107.1,110.7,-3.6,96.8,0.216,0.266,0.544,0.51,13.3,24.1,0.17,0.522,12.2,76.7,0.208,Madison Square Garden (IV),792608,19332
2018,Brooklyn Nets,25.1,28,54,31,51,-3.74,0.07,-3.67,106.9,110.6,-3.7,98.9,0.26,0.411,0.551,0.514,13.6,21,0.201,0.517,11,77,0.201,Barclays Center,640010,15376
2018,Orlando Magic,25.6,25,57,28,54,-4.82,-0.1,-4.92,105.2,110.1,-4.9,98.1,0.238,0.342,0.545,0.512,13.3,20,0.18,0.525,12.8,75.6,0.187,Amway Center,734531,17915
2018,Atlanta Hawks,25.4,24,58,27,55,-5.45,0.15,-5.3,105,110.6,-5.6,98.3,0.236,0.363,0.547,0.512,14.1,21.1,0.185,0.536,13.6,76.2,0.183,Philips Arena,590769,14409
2018,Memphis Grizzlies,26,22,60,25,57,-6.21,0.39,-5.81,104.5,111,-6.5,94.9,0.255,0.317,0.539,0.5,14,22.4,0.201,0.529,13.8,76.5,0.256,FedEx Forum,653863,15948
2018,Sacramento Kings,26.4,27,55,23,59,-6.99,0.39,-6.6,103.7,111.1,-7.4,94.9,0.194,0.278,0.529,0.502,12.8,21.5,0.143,0.542,13.5,77.6,0.199,Golden 1 Center,714680,17431
2018,Chicago Bulls,24.4,27,55,23,59,-7.04,0.2,-6.84,103.8,110.9,-7.1,98.3,0.216,0.35,0.529,0.497,12.6,20.6,0.164,0.542,12.4,80.6,0.184,United Center,851824,20776
2018,Phoenix Suns,23.7,21,61,19,63,-9.37,0.57,-8.8,103.5,112.8,-9.3,100.3,0.275,0.32,0.532,0.495,13.9,22.5,0.203,0.533,11.9,76.5,0.212,Talking Stick Resort Arena,690576,16843
2017,Golden State Warriors*,28.2,67,15,67,15,11.63,-0.28,11.35,115.6,104,11.6,99.8,0.259,0.359,0.597,0.563,13.2,22.8,0.204,0.486,13.5,74.9,0.198,Oracle Arena,803436,19596
2017,San Antonio Spurs*,29.6,61,21,60,22,7.2,-0.06,7.13,111.1,103.5,7.6,94.2,0.263,0.281,0.564,0.524,12.6,24,0.21,0.492,13.5,77.6,0.192,AT&T Center,755347,18423
2017,Houston Rockets*,27.4,55,27,55,27,5.77,0.08,5.84,114.7,109,5.7,100,0.304,0.462,0.583,0.545,13.3,24.6,0.233,0.519,13.2,75.8,0.194,Toyota Center,695903,16973
2017,Los Angeles Clippers*,30,51,31,52,30,4.29,0.13,4.42,112.7,108.2,4.5,96.1,0.312,0.329,0.574,0.537,12,21.5,0.233,0.506,12.1,76.9,0.211,STAPLES Center,782609,19088
2017,Utah Jazz*,26.8,51,31,52,30,3.94,0.06,4,109.6,105.3,4.3,91.6,0.288,0.327,0.563,0.526,13.2,23.2,0.215,0.493,11.8,78.9,0.195,Vivint Smart Home Arena,806142,19662
2017,Toronto Raptors*,26.1,51,31,52,30,4.21,-0.56,3.65,112.3,107.8,4.5,94.7,0.293,0.289,0.561,0.517,11.8,25,0.233,0.507,13.5,76.3,0.223,Air Canada Centre,813050,19830
2017,Cleveland Cavaliers*,29.2,51,31,49,33,3.18,-0.31,2.87,113.6,110.3,3.3,96.2,0.275,0.399,0.58,0.547,12.6,21.9,0.206,0.516,11.4,75.8,0.174,Quicken Loans Arena,843042,20562
2017,Boston Celtics*,25.9,53,29,48,34,2.63,-0.39,2.25,111.2,108.4,2.8,96.8,0.273,0.393,0.567,0.525,12.2,21.2,0.22,0.503,12.6,75.3,0.223,TD Garden,760690,18553
2017,Washington Wizards*,26,49,33,46,36,1.8,-0.45,1.36,111.2,109.3,1.9,97.4,0.254,0.284,0.564,0.528,12.8,24.1,0.199,0.524,13.8,75.5,0.213,Verizon Center,697107,17003
2017,Oklahoma City Thunder*,24.7,47,35,43,39,0.76,0.39,1.14,108.3,107.5,0.8,97.8,0.295,0.295,0.54,0.5,13.2,27.9,0.22,0.511,12.5,79,0.218,Chesapeake Energy Arena,746323,18203
2017,Memphis Grizzlies*,29.5,43,39,42,40,0.49,0.47,0.96,107.7,107.1,0.6,92.3,0.28,0.316,0.535,0.491,12.1,24.8,0.219,0.506,13.6,77.5,0.256,FedEx Forum,677314,16520
2017,Miami Heat,26.5,41,41,44,38,1.06,-0.29,0.77,107.8,106.7,1.1,95.2,0.251,0.314,0.541,0.512,12.4,24.2,0.177,0.496,12.6,76.4,0.22,AmericanAirlines Arena,805400,19644
2017,Denver Nuggets,25.2,40,42,42,40,0.51,0.19,0.7,113.2,112.7,0.5,98.3,0.276,0.329,0.568,0.53,13.2,27.3,0.214,0.532,10.9,78.7,0.194,Pepsi Center,605585,14672
2017,Chicago Bulls*,26.9,41,41,42,40,0.43,-0.39,0.03,107.4,107,0.4,95.3,0.259,0.256,0.53,0.487,12.3,27,0.206,0.507,12.4,76.8,0.169,United Center,888882,21680
2017,Charlotte Hornets,26.5,36,46,42,40,0.2,-0.26,-0.07,108.8,108.6,0.2,95.7,0.279,0.335,0.547,0.501,10.7,19.9,0.227,0.523,12.1,79.6,0.164,Spectrum Center,710643,17333
2017,Portland Trail Blazers*,24.8,41,41,40,42,-0.52,0.3,-0.23,110.3,110.8,-0.5,96.7,0.275,0.322,0.559,0.52,12.5,23,0.214,0.508,11.6,76.8,0.241,Moda Center,792029,19318
2017,Milwaukee Bucks*,25.6,42,40,40,42,-0.18,-0.26,-0.45,109.1,109.3,-0.2,94.5,0.274,0.29,0.565,0.527,13.2,21.5,0.21,0.518,13.6,75.4,0.215,BMO Harris Bradley Center,648952,15828
2017,Indiana Pacers*,27,42,40,40,42,-0.22,-0.42,-0.64,108.6,108.8,-0.2,95.9,0.261,0.272,0.558,0.516,12.8,21.2,0.212,0.512,13.6,75.5,0.225,Bankers Life Fieldhouse,684578,16697
2017,Minnesota Timberwolves,24,31,51,38,44,-1.11,0.47,-0.64,110.8,112,-1.2,94.6,0.287,0.249,0.555,0.511,12.9,27.2,0.229,0.535,13.2,75.9,0.212,Target Center,607203,14810
2017,Atlanta Hawks*,27.9,43,39,39,43,-0.85,-0.38,-1.23,104.9,105.7,-0.8,97.4,0.295,0.309,0.541,0.504,14.2,23.6,0.215,0.507,13.8,76.1,0.179,Philips Arena,654306,15959
2017,Detroit Pistons,25.4,37,45,38,44,-1.12,-0.17,-1.29,106,107.1,-1.1,95,0.218,0.263,0.521,0.492,10.9,24.1,0.157,0.516,12.1,81.2,0.197,The Palace of Auburn Hills,655141,15979
2017,New Orleans Pelicans,25.7,34,48,35,47,-2.1,0.41,-1.69,105.2,107.4,-2.2,98,0.256,0.308,0.539,0.504,11.7,18.5,0.192,0.509,12.4,76.8,0.177,Smoothie King Center,663099,16173
2017,Dallas Mavericks,27.6,33,49,33,49,-2.93,0.4,-2.53,105.6,108.8,-3.2,92.2,0.225,0.366,0.541,0.505,11.6,18.1,0.18,0.529,14.4,77.6,0.218,American Airlines Center,811366,19789
2017,Sacramento Kings,27.9,32,50,31,51,-3.88,0.58,-3.29,107.3,111.3,-4,94.9,0.284,0.291,0.556,0.516,13.7,21,0.22,0.528,12.9,76.3,0.227,Golden 1 Center,721928,17608
2017,New York Knicks,27.3,31,51,31,51,-3.67,-0.2,-3.87,107.7,111.5,-3.8,96,0.239,0.279,0.534,0.496,12.4,26.6,0.188,0.511,11.7,74.1,0.214,Madison Square Garden (IV),810741,19774
2017,Phoenix Suns,25,24,58,27,55,-5.63,0.49,-5.14,106.6,112.2,-5.6,100.3,0.297,0.255,0.538,0.493,13.4,26,0.231,0.525,13.1,76.4,0.264,Talking Stick Resort Arena,708639,17134
2017,Philadelphia 76ers,24.6,28,54,26,56,-5.7,-0.14,-5.83,103.2,108.9,-5.7,98.5,0.258,0.349,0.539,0.501,14.9,22.4,0.199,0.512,13.5,75.3,0.234,Wells Fargo Center,710557,17331
2017,Los Angeles Lakers,25.1,26,56,24,58,-6.88,0.58,-6.29,106,113,-7,98.5,0.259,0.295,0.537,0.501,13.5,25,0.195,0.542,13,75.8,0.213,STAPLES Center,776917,18949
2017,Orlando Magic,25.3,29,53,24,58,-6.57,-0.04,-6.61,103.7,110.5,-6.8,96.8,0.246,0.3,0.524,0.489,12.1,21.6,0.184,0.523,11.9,77.4,0.201,Amway Center,727875,17753
2017,Brooklyn Nets,26,20,62,24,58,-6.73,-0.01,-6.74,104.1,110.7,-6.6,101.3,0.289,0.371,0.551,0.507,14.7,19.6,0.228,0.513,11.6,76.1,0.212,Barclays Center,632608,15429
2016,Golden State Warriors*,27.4,73,9,65,17,10.76,-0.38,10.38,114.5,103.8,10.7,99.3,0.25,0.362,0.593,0.563,13.5,23.5,0.191,0.479,12.6,76,0.208,Oracle Arena,803436,19596
2016,San Antonio Spurs*,30.3,67,15,67,15,10.63,-0.36,10.28,110.3,99,11.3,93.8,0.246,0.223,0.564,0.526,12.4,23,0.197,0.477,14.1,79.1,0.182,AT&T Center,756445,18450
2016,Oklahoma City Thunder*,25.8,55,27,59,23,7.28,-0.19,7.09,113.1,105.6,7.5,96.7,0.292,0.275,0.565,0.524,14,31.1,0.228,0.484,11.7,76,0.205,Chesapeake Energy Arena,746323,18203
2016,Cleveland Cavaliers*,28.1,57,25,57,25,6,-0.55,5.45,110.9,104.5,6.4,93.3,0.259,0.352,0.558,0.524,12.7,25.1,0.194,0.496,12.6,78.5,0.205,Quicken Loans Arena,843042,20562
2016,Los Angeles Clippers*,29.7,53,29,53,29,4.28,-0.15,4.13,108.3,103.8,4.5,95.8,0.318,0.324,0.556,0.524,12.1,20.1,0.22,0.48,13.8,73.8,0.222,STAPLES Center,786910,19193
2016,Toronto Raptors*,26.3,56,26,53,29,4.5,-0.42,4.08,110,105.2,4.8,92.9,0.328,0.287,0.552,0.504,12.3,24.6,0.255,0.498,12.7,77.7,0.201,Air Canada Centre,812863,19826
2016,Atlanta Hawks*,28.2,48,34,51,31,3.61,-0.12,3.49,105.1,101.4,3.7,97.1,0.237,0.336,0.552,0.516,13.8,19.1,0.185,0.48,14.4,74.6,0.194,Philips Arena,690150,16833
2016,Boston Celtics*,25.2,48,34,50,32,3.21,-0.37,2.84,106.8,103.6,3.2,98.5,0.264,0.293,0.531,0.488,12.1,25.1,0.208,0.487,14.6,74.6,0.231,TD Garden,749076,18270
2016,Charlotte Hornets*,26,48,34,49,33,2.72,-0.36,2.36,107.1,104.3,2.8,95.7,0.28,0.348,0.545,0.502,11.7,20,0.222,0.496,12.5,79.8,0.191,Time Warner Cable Arena,716894,17485
2016,Utah Jazz,24.2,40,42,46,36,1.79,0.05,1.84,105.9,103.9,2,91,0.286,0.297,0.54,0.501,14.2,25.9,0.213,0.495,13.5,77.7,0.21,Vivint Smart Home Arena,791489,19305
2016,Indiana Pacers*,26.9,45,37,46,36,1.71,-0.09,1.62,104.6,102.9,1.7,96.6,0.268,0.27,0.536,0.497,13.5,23.4,0.205,0.489,14.3,76,0.205,Bankers Life Fieldhouse,690733,16847
2016,Miami Heat*,28.4,48,34,46,36,1.65,-0.14,1.5,106.1,104.4,1.7,93.6,0.282,0.221,0.545,0.508,13.3,23.8,0.21,0.485,12.1,77.8,0.196,AmericanAirlines Arena,809350,19740
2016,Portland Trail Blazers*,24.3,44,38,43,39,0.83,0.15,0.98,108.8,108,0.8,96,0.268,0.332,0.548,0.511,13.2,25.9,0.202,0.503,12.1,76.2,0.225,Moda Center,794085,19368
2016,Detroit Pistons*,25,44,38,43,39,0.61,-0.18,0.43,106.1,105.5,0.6,95.1,0.296,0.303,0.522,0.491,12.2,27,0.197,0.504,12.5,79.3,0.196,The Palace of Auburn Hills,677138,16516
2016,Houston Rockets*,27.8,41,41,42,40,0.2,0.14,0.34,108.3,108.1,0.2,97.6,0.352,0.37,0.553,0.516,14.2,25.7,0.244,0.516,14.7,72.8,0.219,Toyota Center,737244,17982
2016,Dallas Mavericks*,30.3,42,40,40,42,-0.3,0.29,-0.02,106.7,107,-0.3,94.3,0.265,0.339,0.544,0.502,12,20.6,0.211,0.504,12.8,76.2,0.198,American Airlines Center,825901,20144
2016,Washington Wizards,27.3,41,41,40,42,-0.5,0,-0.5,105.3,105.8,-0.5,98.5,0.263,0.282,0.544,0.511,13.1,20.6,0.192,0.515,14.6,77.7,0.218,Verizon Center,725426,17693
2016,Chicago Bulls,27.6,42,40,37,45,-1.48,0.01,-1.46,105,106.5,-1.5,95.7,0.24,0.244,0.526,0.487,12.6,24.5,0.189,0.485,10.7,74.9,0.182,United Center,894659,21821
2016,Orlando Magic,23.9,35,47,36,46,-1.62,-0.06,-1.68,105.1,106.8,-1.7,96,0.232,0.255,0.533,0.5,12.8,23.1,0.175,0.513,13.8,76.5,0.215,Amway Center,719275,17515
2016,Memphis Grizzlies*,30.5,42,40,35,47,-2.24,0.11,-2.14,105.4,107.8,-2.4,93.3,0.295,0.222,0.524,0.477,12.3,25.3,0.231,0.518,15.2,75.1,0.251,FedEx Forum,701894,17119
2016,Sacramento Kings,26.6,33,49,34,48,-2.48,0.16,-2.32,106,108.4,-2.4,100,0.295,0.26,0.546,0.51,14.2,23.9,0.214,0.521,14,74.9,0.202,Sleep Train Arena,707526,17222
2016,New York Knicks,27.2,32,50,33,49,-2.73,0,-2.74,104.6,107.6,-3,93.4,0.255,0.256,0.527,0.483,12.6,23.7,0.205,0.487,10.5,75.8,0.204,Madison Square Garden (IV),812292,19812
2016,Denver Nuggets,24.7,33,49,33,49,-3.1,0.29,-2.81,105.6,108.9,-3.3,95.7,0.282,0.277,0.531,0.489,13.2,25.8,0.216,0.515,12.6,77.3,0.216,Pepsi Center,577898,14095
2016,Minnesota Timberwolves,24.6,29,53,31,51,-3.54,0.15,-3.38,106.5,110.1,-3.6,95.2,0.332,0.202,0.549,0.498,13.9,24.3,0.263,0.524,13.6,74.7,0.2,Target Center,581178,14175
2016,New Orleans Pelicans,26.6,30,52,31,51,-3.79,0.24,-3.56,105.6,109.5,-3.9,96.8,0.259,0.277,0.537,0.498,12.3,21.2,0.201,0.523,12.7,78.8,0.225,Smoothie King Center,688549,16794
2016,Milwaukee Bucks,23.5,33,49,29,53,-4.18,0.2,-3.98,104.3,108.7,-4.4,94.2,0.276,0.189,0.537,0.499,14.2,24.9,0.207,0.51,14.2,73.1,0.221,BMO Harris Bradley Center,621808,15166
2016,Phoenix Suns,26,23,59,24,58,-6.66,0.34,-6.32,102.2,109,-6.8,98.5,0.271,0.302,0.526,0.487,15.2,25.4,0.204,0.523,13.5,77.1,0.237,Talking Stick Resort Arena,701405,17107
2016,Brooklyn Nets,26.9,21,61,22,60,-7.35,0.24,-7.12,103.2,110.9,-7.7,95.2,0.246,0.218,0.527,0.492,13.6,24.1,0.186,0.534,13.1,75.7,0.176,Barclays Center,620142,15125
2016,Los Angeles Lakers,26.5,17,65,17,65,-9.56,0.64,-8.92,101.6,111.6,-10,95.6,0.292,0.29,0.509,0.46,12.5,23.1,0.228,0.523,11.6,74.7,0.202,STAPLES Center,778877,18997
2016,Philadelphia 76ers,23.3,10,72,16,66,-10.23,0.31,-9.92,98.8,109.2,-10.4,97.9,0.269,0.327,0.519,0.487,14.8,20.6,0.186,0.51,13.5,74,0.24,Wells Fargo Center,614650,14991
2015,Golden State Warriors*,26.6,67,15,65,17,10.1,-0.09,10.01,111.6,101.4,10.2,98.3,0.239,0.311,0.571,0.54,13.1,24.1,0.184,0.47,14.3,74.5,0.217,Oracle Arena,803436,19596
2015,Los Angeles Clippers*,28.8,56,26,58,24,6.59,0.22,6.8,112.4,105.5,6.9,94.7,0.303,0.322,0.565,0.533,11.6,22.8,0.215,0.493,13.2,75.7,0.231,STAPLES Center,785892,19168
2015,San Antonio Spurs*,29.8,55,27,58,24,6.2,0.14,6.34,108.5,102,6.5,93.8,0.256,0.269,0.555,0.517,13.1,23.4,0.2,0.484,13.3,77.3,0.19,AT&T Center,762855,18606
2015,Atlanta Hawks*,27.8,60,22,56,26,5.43,-0.68,4.75,108.9,103.1,5.8,93.9,0.259,0.321,0.563,0.527,13.5,21.4,0.201,0.492,14.9,73.4,0.185,Philips Arena,713909,17412
2015,Portland Trail Blazers*,27,51,31,53,29,4.23,0.18,4.41,108.2,103.7,4.5,94.2,0.225,0.316,0.544,0.508,12.6,24.2,0.18,0.476,11.3,76.2,0.182,Moda Center,798368,19472
2015,Cleveland Cavaliers*,26.9,53,29,53,29,4.48,-0.4,4.08,111.1,106.3,4.8,92.3,0.287,0.334,0.557,0.52,13.4,26.8,0.216,0.502,12.6,74.7,0.177,Quicken Loans Arena,843042,20562
2015,Houston Rockets*,27.6,56,26,50,32,3.44,0.38,3.82,107,103.4,3.6,96.5,0.312,0.392,0.548,0.512,15,26.8,0.223,0.486,14.6,72.9,0.208,Toyota Center,747412,18230
2015,Memphis Grizzlies*,29.6,55,27,50,32,3.24,0.38,3.62,105.7,102.2,3.5,92,0.276,0.184,0.531,0.489,12.6,24.7,0.214,0.492,14.5,75.3,0.183,FedEx Forum,710502,17329
2015,Dallas Mavericks*,29.9,50,32,49,33,2.9,0.46,3.36,109.5,106.4,3.1,95.2,0.262,0.296,0.55,0.515,11.9,23.6,0.197,0.503,14.7,72.2,0.204,American Airlines Center,827702,20188
2015,Chicago Bulls*,28.8,50,32,50,32,3,-0.46,2.54,107.5,104.3,3.2,92.8,0.304,0.269,0.536,0.489,12.9,27,0.238,0.473,11.3,74.4,0.182,United Center,886612,21625
2015,Oklahoma City Thunder,25.4,45,37,47,35,2.18,0.28,2.47,107.8,105.5,2.3,95.7,0.284,0.262,0.532,0.492,13.1,28.9,0.214,0.489,12.4,75.6,0.213,Chesapeake Energy Arena,746323,18203
2015,Toronto Raptors*,26.1,49,33,49,33,3.07,-0.62,2.45,111,107.7,3.3,92.8,0.295,0.302,0.553,0.508,12,25.6,0.232,0.506,13.4,73.3,0.208,Air Canada Centre,809824,19752
2015,New Orleans Pelicans*,25.3,45,37,43,39,0.79,0.34,1.13,108.2,107.3,0.9,91.4,0.263,0.233,0.537,0.501,12.5,27.1,0.198,0.496,11.7,75.1,0.195,Smoothie King Center,683757,16677
2015,Utah Jazz,23.4,38,44,42,40,0.22,0.49,0.71,105.1,104.9,0.2,90.4,0.297,0.274,0.531,0.494,14.6,29.1,0.214,0.491,12.8,76.3,0.199,EnergySolutions Arena,772059,18831
2015,Washington Wizards*,28.6,46,36,43,39,0.72,-0.55,0.17,103.7,103,0.7,93.7,0.259,0.203,0.534,0.499,14,24.9,0.192,0.481,12.9,77.3,0.21,Verizon Center,747796,18239
2015,Milwaukee Bucks*,24.6,41,41,42,40,0.43,-0.52,-0.09,102.7,102.2,0.5,94.1,0.258,0.223,0.536,0.499,15.5,25.4,0.195,0.487,15.9,73.3,0.221,BMO Harris Bradley Center,593910,14813
2015,Indiana Pacers,28.3,38,44,42,40,0.28,-0.51,-0.23,103.5,103.2,0.3,93.2,0.266,0.255,0.523,0.484,13.1,24,0.201,0.478,12,77.9,0.217,Bankers Life Fieldhouse,691434,16864
2015,Phoenix Suns,25.7,39,43,38,44,-0.9,0.52,-0.38,105.3,106.2,-0.9,96.3,0.251,0.291,0.537,0.501,13.7,24.5,0.191,0.497,14,73.5,0.221,US Airways Center,693862,16923
2015,Boston Celtics*,25,40,42,41,41,0.16,-0.56,-0.4,104.7,104.5,0.2,95.8,0.233,0.28,0.523,0.489,12.5,24.7,0.176,0.494,13.7,75,0.208,TD Garden,721350,17594
2015,Detroit Pistons,25.9,32,50,38,44,-1,-0.39,-1.39,105.3,106.4,-1.1,92.8,0.261,0.29,0.515,0.482,12.3,27.7,0.184,0.502,13.2,75,0.192,The Palace of Auburn Hills,625917,15266
2015,Miami Heat,28.5,37,45,33,49,-2.6,-0.32,-2.92,103.9,106.7,-2.8,90.9,0.306,0.262,0.54,0.5,14.5,23.2,0.227,0.505,14.2,73.4,0.213,AmericanAirlines Arena,808223,19713
2015,Denver Nuggets,26.4,30,52,31,51,-3.55,0.48,-3.07,104.5,108.2,-3.7,96.1,0.278,0.284,0.518,0.479,12.7,26.6,0.204,0.504,13,74.7,0.239,Pepsi Center,602707,14700
2015,Sacramento Kings,26,29,53,31,51,-3.71,0.64,-3.07,105.3,109.2,-3.9,95.4,0.363,0.204,0.542,0.49,14.8,26.5,0.276,0.507,11.8,75.2,0.2,Sleep Train Arena,680049,16587
2015,Brooklyn Nets*,28.6,38,44,33,49,-2.88,-0.25,-3.13,104.4,107.4,-3,92.7,0.267,0.24,0.529,0.491,13,23.9,0.2,0.506,12.9,73.7,0.185,Barclays Center,698529,17037
2015,Charlotte Hornets,26,33,49,32,50,-3.17,-0.27,-3.44,100.1,103.5,-3.4,93,0.269,0.226,0.498,0.456,11.2,22.1,0.202,0.487,12,79.3,0.188,Time Warner Cable Arena,704886,17192
2015,Orlando Magic,24.3,25,57,25,57,-5.72,-0.15,-5.87,101.6,107.7,-6.1,93.8,0.23,0.235,0.524,0.494,14,23.1,0.168,0.514,13.6,76,0.21,Amway Center,688194,16785
2015,Los Angeles Lakers,27,21,61,23,59,-6.84,0.67,-6.17,103.4,110.6,-7.2,94,0.276,0.22,0.513,0.473,12.1,25.4,0.204,0.518,12.1,76.3,0.231,STAPLES Center,768244,18738
2015,Minnesota Timberwolves,24.4,16,66,19,63,-8.79,0.79,-8,102.9,112.2,-9.3,94.4,0.309,0.179,0.517,0.468,13.7,26.6,0.24,0.537,13.9,71.6,0.187,Target Center,595652,14416
2015,Philadelphia 76ers,23.2,18,64,18,64,-8.98,-0.07,-9.04,95.5,104.8,-9.3,95.7,0.288,0.319,0.494,0.459,16,25.5,0.195,0.497,15.2,73,0.225,Wells Fargo Center,571572,13941
2015,New York Knicks,26.9,17,65,17,65,-9.32,-0.18,-9.5,99.9,110,-10.1,91.2,0.234,0.24,0.508,0.47,14,24.5,0.18,0.512,13.3,73.1,0.234,Madison Square Garden (IV),812292,19812
2014,San Antonio Spurs*,28.9,62,20,61,21,7.72,0.28,8,110.5,102.4,8.1,95,0.24,0.257,0.571,0.537,13.5,22.7,0.188,0.482,12.8,76.4,0.184,AT&T Center,755031,18415
2014,Los Angeles Clippers*,28.1,57,25,59,23,6.98,0.3,7.27,112.1,104.8,7.3,95.9,0.353,0.291,0.567,0.526,12.7,25,0.258,0.484,13.8,72.5,0.222,STAPLES Center,787692,19212
2014,Oklahoma City Thunder*,26.2,59,23,58,24,6.34,0.32,6.66,110.5,103.9,6.6,95.4,0.303,0.271,0.566,0.52,14,26.5,0.244,0.488,13.9,75.6,0.221,Chesapeake Energy Arena,746323,18203
2014,Golden State Warriors*,26.3,51,31,54,28,4.8,0.34,5.15,107.5,102.6,4.9,96.2,0.247,0.291,0.55,0.517,13.8,25.1,0.186,0.477,13.6,76.3,0.224,Oracle Arena,803436,19596
2014,Houston Rockets*,25.4,54,28,53,29,4.56,0.5,5.06,111,106.3,4.7,96.3,0.386,0.33,0.571,0.531,14.6,27.4,0.275,0.489,12.5,74.1,0.193,Toyota Center,743082,18124
2014,Portland Trail Blazers*,25.8,54,28,52,30,3.99,0.45,4.44,111.5,107.4,4.1,94.9,0.27,0.29,0.548,0.504,12.4,28,0.22,0.488,11,74.7,0.194,Moda Center,809612,19747
2014,Miami Heat*,30.6,54,28,54,28,4.76,-0.61,4.15,110.9,105.8,5.1,91.2,0.3,0.292,0.59,0.554,14.6,20.6,0.228,0.511,15.8,73,0.212,AmericanAirlines Arena,811036,19781
2014,Indiana Pacers*,27.2,56,26,54,28,4.4,-0.77,3.63,104.1,99.3,4.8,92.5,0.29,0.235,0.535,0.49,14.3,24.9,0.226,0.46,12.9,76.8,0.197,Bankers Life Fieldhouse,717542,17501
2014,Minnesota Timberwolves,26.3,40,42,48,34,2.67,0.43,3.1,108.9,106.2,2.7,97.3,0.321,0.245,0.535,0.486,12.2,27.4,0.249,0.518,14.8,74.4,0.177,Target Center,597157,14565
2014,Phoenix Suns,26.2,48,34,48,34,2.63,0.39,3.02,109.5,106.7,2.8,95.8,0.293,0.3,0.558,0.519,14,26.4,0.222,0.496,13.9,73.7,0.237,US Airways Center,650739,15872
2014,Dallas Mavericks*,30.6,49,33,48,34,2.4,0.5,2.91,111.2,108.7,2.5,93.5,0.253,0.274,0.564,0.526,12.7,24.6,0.201,0.515,14.8,72.7,0.229,American Airlines Center,817982,19951
2014,Toronto Raptors*,25.6,48,34,50,32,3.24,-0.69,2.55,108.8,105.3,3.5,91.8,0.306,0.285,0.545,0.498,13.2,27.2,0.239,0.493,14.1,74.9,0.237,Air Canada Centre,748339,18252
2014,Memphis Grizzlies*,28.5,50,32,46,36,1.57,0.61,2.18,106.3,104.6,1.7,89.9,0.248,0.171,0.529,0.494,13.1,28.3,0.184,0.497,13.8,75.7,0.199,FedEx Forum,685458,16718
2014,Chicago Bulls*,28.6,48,34,47,35,1.85,-0.66,1.2,102.5,100.5,2,90.2,0.29,0.222,0.518,0.471,14.2,27.2,0.226,0.471,13.7,75.4,0.189,United Center,890370,21716
2014,Washington Wizards*,26.3,44,38,45,37,1.27,-0.79,0.48,106,104.6,1.4,93.2,0.248,0.246,0.538,0.506,13.6,25.2,0.181,0.504,15,75.7,0.22,Verizon Center,698068,17026
2014,Atlanta Hawks*,27.5,38,44,40,42,-0.48,-0.4,-0.88,105.9,106.4,-0.5,94.6,0.266,0.316,0.554,0.515,14.3,21,0.208,0.51,14,74.4,0.196,Philips Arena,587927,14231
2014,Charlotte Bobcats*,25.5,43,39,40,42,-0.22,-0.67,-0.89,103.6,103.8,-0.2,92.4,0.297,0.219,0.522,0.481,11.7,21.9,0.219,0.491,12.6,77.6,0.183,Time Warner Cable Arena,636268,15519
2014,Denver Nuggets,26,36,46,35,47,-2.15,0.75,-1.4,106,108.2,-2.2,98.1,0.306,0.278,0.536,0.497,14,27.5,0.222,0.5,12.8,74.5,0.233,Pepsi Center,692898,16900
2014,New York Knicks,28.3,37,45,39,43,-0.79,-0.61,-1.4,108.3,109.1,-0.8,90.3,0.248,0.302,0.541,0.505,12.5,25.1,0.189,0.514,14,74.3,0.245,Madison Square Garden (IV),812292,19812
2014,Brooklyn Nets*,30,44,38,38,44,-1,-0.58,-1.58,106.7,107.7,-1,91.4,0.313,0.301,0.555,0.514,14.1,21.7,0.236,0.509,14.9,72.3,0.236,Barclays Center,707331,17252
2014,New Orleans Pelicans,24.3,34,48,33,49,-2.71,0.73,-1.98,107.2,110.1,-2.9,92.2,0.286,0.193,0.537,0.495,12.9,26.9,0.22,0.515,13.6,73.8,0.249,Smoothie King Center,672029,16391
2014,Sacramento Kings,24.9,28,54,33,49,-2.9,0.82,-2.08,105.7,108.8,-3.1,94.4,0.331,0.218,0.532,0.484,13.9,27.8,0.251,0.512,12.7,76.6,0.234,Sleep Train Arena,667949,16291
2014,Cleveland Cavaliers,24.9,33,49,32,50,-3.29,-0.57,-3.86,104.2,107.7,-3.5,93.1,0.268,0.236,0.518,0.479,13,27.2,0.201,0.508,13,75.8,0.199,Quicken Loans Arena,710522,17330
2014,Detroit Pistons,24.7,29,53,31,51,-3.66,-0.48,-4.13,105.9,109.7,-3.8,94.9,0.296,0.222,0.514,0.482,12.9,31.4,0.199,0.52,13.8,73.4,0.218,The Palace of Auburn Hills,616005,15025
2014,Boston Celtics,25.4,25,57,28,54,-4.46,-0.51,-4.97,102.9,107.7,-4.8,93.3,0.248,0.251,0.517,0.477,14.2,27.4,0.193,0.505,13.4,74.2,0.227,TD Garden,742400,18107
2014,Los Angeles Lakers,26.8,27,55,25,57,-6.29,0.96,-5.33,104.2,110.6,-6.4,98.7,0.263,0.291,0.542,0.505,13.7,20.2,0.199,0.513,12.4,71,0.192,STAPLES Center,771974,18829
2014,Orlando Magic,24.6,23,59,26,56,-5.44,-0.44,-5.88,101.7,107.4,-5.7,93.6,0.253,0.235,0.525,0.487,13.9,22.4,0.193,0.504,13,75.5,0.211,Amway Center,666046,16245
2014,Utah Jazz,24.5,25,57,22,60,-7.17,0.91,-6.27,103.5,111.3,-7.8,91.4,0.271,0.237,0.523,0.484,13.9,25.5,0.202,0.518,12.1,74.5,0.227,EnergySolutions Arena,745203,18176
2014,Milwaukee Bucks,24.7,15,67,20,62,-8.18,-0.23,-8.41,103,111.8,-8.8,91.8,0.274,0.231,0.519,0.479,14.1,27.1,0.204,0.52,13.2,71.4,0.225,BMO Harris Bradley Center,552067,13465
2014,Philadelphia 76ers,23.4,19,63,16,66,-10.45,-0.21,-10.66,99.4,109.9,-10.5,99.2,0.268,0.258,0.51,0.475,14.8,24.8,0.19,0.524,14.9,72.4,0.244,Wells Fargo Center,568632,13869
2013,Oklahoma City Thunder*,26,60,22,64,18,9.21,-0.06,9.15,112.4,102.6,9.8,93.3,0.338,0.244,0.58,0.527,14.4,26.7,0.28,0.469,13.5,73.4,0.197,Chesapeake Energy Arena,746323,18203
2013,Miami Heat*,30.3,66,16,62,20,7.87,-0.84,7.03,112.3,103.7,8.6,90.7,0.297,0.285,0.588,0.552,13.7,22.2,0.224,0.487,14.8,73,0.2,AmericanAirlines Arena,819290,19983
2013,San Antonio Spurs*,28.6,58,24,58,24,6.4,0.27,6.67,108.3,101.6,6.7,94.2,0.258,0.264,0.568,0.531,14,20.5,0.204,0.48,13.7,74.9,0.179,AT&T Center,755700,18432
2013,Los Angeles Clippers*,28.8,56,26,59,23,6.45,-0.02,6.43,110.6,103.6,7,91.1,0.286,0.265,0.557,0.526,13.9,28.8,0.203,0.492,15.4,73.5,0.229,STAPLES Center,788293,19227
2013,Denver Nuggets*,26.1,57,25,55,27,5.09,0.28,5.37,110.4,105.1,5.3,95.1,0.308,0.217,0.549,0.515,13.6,31.4,0.216,0.493,14.3,71.8,0.193,Pepsi Center,730616,17820
2013,Memphis Grizzlies*,27,56,26,54,28,4.15,0.18,4.32,104.9,100.3,4.6,88.4,0.261,0.166,0.514,0.472,13.3,31,0.202,0.475,15.2,74.3,0.209,FedEx Forum,681613,16625
2013,New York Knicks*,30.2,54,28,53,29,4.23,-0.5,3.73,111.1,106.3,4.8,89.8,0.258,0.354,0.55,0.515,11.7,25.6,0.196,0.508,14.8,74.7,0.216,Madison Square Garden (IV),780353,19033
2013,Houston Rockets*,24.4,45,37,50,32,3.48,0.22,3.69,109.7,106.1,3.6,96.1,0.308,0.349,0.564,0.525,14.9,26.4,0.232,0.502,13.5,75.2,0.196,Toyota Center,683564,16672
2013,Indiana Pacers*,25.7,49,32,52,29,4.02,-0.69,3.34,104.3,99.8,4.5,90.2,0.293,0.245,0.521,0.479,14.3,30.3,0.219,0.453,12.9,74.6,0.197,Bankers Life Fieldhouse,626069,15270
2013,Los Angeles Lakers*,30.7,45,37,44,38,1.16,0.32,1.48,107.8,106.6,1.2,94.4,0.345,0.303,0.548,0.512,13.9,27,0.239,0.496,11.9,74.3,0.163,STAPLES Center,778877,18997
2013,Golden State Warriors*,25.3,47,35,44,38,0.89,0.42,1.32,106.4,105.5,0.9,94.5,0.255,0.239,0.545,0.506,14,25.4,0.201,0.486,12.4,75.5,0.211,Oracle Arena,794320,19374
2013,Brooklyn Nets*,28.6,49,33,46,36,1.78,-0.53,1.25,108.2,106.2,2,88.8,0.299,0.269,0.536,0.498,14,30.9,0.219,0.503,13.1,73.7,0.174,Barclays Center,704702,17188
2013,Utah Jazz,26.3,43,39,41,41,-0.09,0.38,0.3,106.7,106.8,-0.1,90.9,0.281,0.206,0.533,0.492,13.8,28.8,0.214,0.501,14,73.2,0.226,EnergySolutions Arena,763915,18632
2013,Chicago Bulls*,28,45,37,42,40,0.32,-0.33,-0.02,103.5,103.2,0.3,89.3,0.259,0.189,0.512,0.47,13.6,29.4,0.201,0.477,13.2,73.6,0.206,United Center,896944,21877
2013,Atlanta Hawks*,27.1,44,38,42,40,0.4,-0.48,-0.08,104.8,104.4,0.4,92.6,0.244,0.286,0.546,0.517,14.2,22.2,0.174,0.496,14.2,73.6,0.181,Philips Arena,620146,15126
2013,Dallas Mavericks,29.5,41,41,39,43,-0.6,0.36,-0.24,105.9,106.5,-0.6,94.1,0.242,0.236,0.544,0.506,13,21.8,0.192,0.492,13.3,73.1,0.227,American Airlines Center,821490,20036
2013,Boston Celtics*,29.1,41,40,40,41,-0.22,-0.4,-0.62,103.1,103.3,-0.2,91.7,0.263,0.215,0.542,0.503,14.1,20.1,0.204,0.482,14.2,73.3,0.216,TD Garden,744960,18624
2013,Milwaukee Bucks*,26.4,38,44,37,45,-1.5,-0.33,-1.83,103.6,105.2,-1.6,94.7,0.236,0.232,0.51,0.476,12.7,27.9,0.174,0.492,14.4,71.3,0.201,BMO Harris Bradley Center,616469,15036
2013,Minnesota Timberwolves,26.4,31,51,34,48,-2.37,0.54,-1.83,102.9,105.4,-2.5,92.8,0.305,0.22,0.516,0.473,13.8,27.4,0.226,0.511,15,74,0.187,Target Center,669956,16340
2013,Toronto Raptors,25.4,34,48,37,45,-1.48,-0.48,-1.96,105.9,107.5,-1.6,90.4,0.274,0.249,0.532,0.488,13,25.5,0.216,0.5,13.6,73.4,0.247,Air Canada Centre,743936,18145
2013,Portland Trail Blazers,24.4,33,49,32,50,-3.17,0.65,-2.53,105.8,109.2,-3.4,91.4,0.25,0.284,0.536,0.498,13.9,25.3,0.194,0.512,12.5,73.3,0.189,Rose Garden Arena,813012,19830
2013,Washington Wizards,25.4,29,53,33,49,-2.54,-0.25,-2.78,100.2,103,-2.8,92.2,0.261,0.223,0.512,0.475,14.2,24.6,0.191,0.483,13.7,74.6,0.206,Verizon Center,670070,16343
2013,New Orleans Hornets,24,27,55,30,52,-3.87,0.75,-3.12,105.7,110.1,-4.4,88.5,0.248,0.224,0.528,0.489,14,29.2,0.193,0.52,13.1,74.4,0.208,New Orleans Arena,565930,13803
2013,Philadelphia 76ers,25.2,34,48,31,51,-3.34,-0.17,-3.51,102,105.7,-3.7,91,0.2,0.209,0.509,0.481,12.5,24.9,0.146,0.495,13.7,73.4,0.2,Wells Fargo Center,685412,16717
2013,Sacramento Kings,25.6,28,54,28,54,-4.88,0.62,-4.26,106.2,111.4,-5.2,93.6,0.271,0.243,0.532,0.491,13.4,26.6,0.208,0.517,13.6,71,0.227,Sleep Train Arena,563743,13750
2013,Detroit Pistons,25.3,29,53,29,53,-3.99,-0.34,-4.33,103.8,108.1,-4.3,90.8,0.282,0.217,0.521,0.487,14.3,28.3,0.197,0.505,13.1,73,0.209,The Palace of Auburn Hills,606094,14685
2013,Cleveland Cavaliers,24.1,24,58,28,54,-4.68,-0.19,-4.87,104.3,109.4,-5.1,92.3,0.265,0.229,0.514,0.473,13,28.1,0.2,0.523,14.4,72.6,0.225,Quicken Loans Arena,663882,16192
2013,Phoenix Suns,26.9,25,57,23,59,-6.46,0.71,-5.75,101.2,108.1,-6.9,93.4,0.234,0.21,0.512,0.477,14.3,27,0.174,0.512,14.2,71.9,0.208,US Airways Center,632913,15437
2013,Orlando Magic,24.6,20,62,22,60,-6.99,-0.14,-7.12,101.6,109.1,-7.5,92.2,0.197,0.223,0.514,0.485,13.7,25.4,0.149,0.508,11.8,74.6,0.195,Amway Center,722716,17627
2013,Charlotte Bobcats,24.4,21,61,17,65,-9.23,-0.06,-9.29,101.5,111.5,-10,91.5,0.31,0.21,0.507,0.46,13.2,25.7,0.233,0.524,13.2,71.1,0.197,Time Warner Cable Arena,628293,15324
2012,Chicago Bulls*,27.1,50,16,51,15,8.18,-0.76,7.43,107.4,98.3,9.1,89.1,0.255,0.205,0.523,0.49,13.2,32.6,0.184,0.45,12.8,74.3,0.175,United Center,731326,22161
2012,San Antonio Spurs*,27.5,50,16,48,18,7.17,0.11,7.28,110.9,103.2,7.7,92.9,0.261,0.257,0.562,0.528,12.8,25.1,0.195,0.489,12.9,76,0.168,AT&T Center,607095,18397
2012,Oklahoma City Thunder*,25.1,47,19,46,20,6.12,0.32,6.44,109.8,103.2,6.6,93,0.334,0.252,0.567,0.516,15.3,27.8,0.269,0.465,13,72.1,0.207,Chesapeake Energy Arena,600699,18203
2012,Miami Heat*,28.3,46,20,47,19,5.98,-0.27,5.72,106.6,100.2,6.4,91.2,0.307,0.198,0.549,0.505,14.5,26.6,0.238,0.479,15.8,73.9,0.2,AmericanAirlines Arena,657855,19935
2012,Philadelphia 76ers*,24.9,35,31,43,23,4.24,-0.65,3.59,103.9,99.2,4.7,89.7,0.217,0.175,0.511,0.48,10.9,24.4,0.161,0.46,13.5,75.2,0.192,Wells Fargo Center,577597,17503
2012,Denver Nuggets*,26.6,38,28,39,27,2.88,0.29,3.16,109.2,106.2,3,94.2,0.326,0.243,0.556,0.516,14.1,27.7,0.239,0.508,14.3,74.3,0.185,Pepsi Center,561966,17029
2012,Los Angeles Clippers*,27.3,40,26,39,27,2.56,0.26,2.82,108.5,105.7,2.8,89.2,0.287,0.269,0.533,0.502,12.7,29.5,0.195,0.492,14.2,73.2,0.245,STAPLES Center,634237,19219
2012,Atlanta Hawks*,27.9,40,26,41,25,3.44,-0.77,2.67,104.9,101.2,3.7,90.2,0.259,0.249,0.535,0.5,13.4,23.9,0.192,0.48,14.4,74.4,0.186,Philips Arena,501593,15200
2012,Indiana Pacers*,26.3,42,24,41,25,3.3,-0.71,2.6,106.7,103.1,3.6,90.7,0.321,0.198,0.526,0.474,13.1,29.2,0.251,0.476,14.1,72.3,0.222,Bankers Life Fieldhouse,467561,14169
2012,Memphis Grizzlies*,25.6,41,25,38,28,2.02,0.42,2.43,104,101.8,2.2,90.8,0.277,0.157,0.515,0.473,13.6,29.8,0.211,0.485,16.3,72.7,0.227,FedEx Forum,518446,15710
2012,New York Knicks*,26.3,36,30,41,25,3.2,-0.81,2.39,104.4,101,3.4,93.2,0.306,0.288,0.533,0.492,14.9,26.6,0.227,0.485,15.9,73.7,0.224,Madison Square Garden (IV),652179,19763
2012,Boston Celtics*,29.3,39,27,39,27,2.52,-0.26,2.26,101,98.2,2.8,90.4,0.257,0.194,0.535,0.496,14.7,19.7,0.2,0.452,14.9,72.4,0.216,TD Garden,614592,18624
2012,Los Angeles Lakers*,29.7,41,25,36,30,1.42,0.54,1.96,106,104.4,1.6,90.5,0.299,0.209,0.534,0.491,14.2,29.1,0.226,0.476,10.7,74.8,0.158,STAPLES Center,626901,18997
2012,Dallas Mavericks*,31.3,36,30,35,31,0.95,0.83,1.78,103.3,102.3,1,91.4,0.246,0.271,0.527,0.489,13.4,23.4,0.19,0.479,13.9,74.8,0.203,American Airlines Center,671050,20335
2012,Utah Jazz*,25.6,36,30,34,32,0.62,0.3,0.92,106.8,106.1,0.7,91.4,0.302,0.153,0.525,0.481,13,30.2,0.227,0.493,13.8,73.8,0.245,EnergySolutions Arena,637124,19307
2012,Houston Rockets,26.2,34,32,34,32,0.23,0.35,0.57,105.5,105.2,0.3,91.7,0.235,0.24,0.529,0.492,13.5,27.5,0.184,0.49,13.8,73.4,0.21,Toyota Center,506994,15363
2012,Orlando Magic*,27.5,37,29,35,31,0.79,-0.33,0.46,105,104.1,0.9,89,0.292,0.346,0.533,0.506,14.5,26.5,0.193,0.488,12.9,75.5,0.19,Amway Center,623587,18897
2012,Phoenix Suns,28.9,33,33,32,34,-0.24,0.53,0.29,106.2,106.5,-0.3,92.6,0.257,0.238,0.536,0.499,13.3,25.8,0.194,0.491,13.1,71.7,0.2,US Airways Center,514718,15598
2012,Portland Trail Blazers,27.5,28,38,32,34,-0.62,0.41,-0.22,105.7,106.4,-0.7,91.2,0.263,0.255,0.531,0.488,13.4,26.3,0.209,0.504,14.1,72.8,0.199,Rose Garden Arena,676384,20496
2012,Milwaukee Bucks,26.2,31,35,34,32,0.27,-0.5,-0.23,105.5,105.2,0.3,93.7,0.25,0.224,0.521,0.481,12.9,27.7,0.194,0.489,14.6,70.9,0.217,Bradley Center,485717,14719
2012,Minnesota Timberwolves,24.4,26,40,28,38,-2.2,0.37,-1.83,104.3,106.6,-2.3,93.3,0.306,0.262,0.524,0.477,14,27.5,0.236,0.491,12.2,73,0.187,Target Center,577197,17491
2012,Golden State Warriors,25.3,23,43,25,41,-3.41,0.62,-2.79,105.4,109.1,-3.7,92.3,0.227,0.248,0.539,0.505,13.3,22.9,0.175,0.496,13.6,69.1,0.237,Oracle Arena,622311,18858
2012,New Orleans Hornets,25.5,21,45,24,42,-3.76,0.65,-3.11,100.9,105.1,-4.2,88.3,0.274,0.152,0.517,0.476,15.2,27.5,0.207,0.485,13.5,73.1,0.218,New Orleans Arena,498618,15110
2012,Toronto Raptors,25.7,23,43,25,41,-3.3,-0.36,-3.67,100.8,104.5,-3.7,89.3,0.274,0.209,0.518,0.475,14.8,25.9,0.211,0.475,12.8,75.4,0.26,Air Canada Centre,555584,16836
2012,Sacramento Kings,24.3,22,44,21,45,-5.68,0.73,-4.95,103.8,109.8,-6,94.7,0.268,0.228,0.51,0.472,13,29.1,0.197,0.515,13.9,70.5,0.199,Power Balance Pavilion,478764,14508
2012,Washington Wizards,24.2,20,46,22,44,-4.8,-0.34,-5.14,101,106.2,-5.2,92.5,0.253,0.196,0.508,0.472,14.2,27.3,0.184,0.492,14.2,70.9,0.229,Verizon Center,552038,16728
2012,Detroit Pistons,26.3,25,41,22,44,-4.79,-0.4,-5.19,101,106.3,-5.3,89.2,0.279,0.175,0.51,0.468,15,28.1,0.21,0.5,14.2,72.8,0.226,The Palace of Auburn Hills,475638,14413
2012,New Jersey Nets,26.1,22,44,19,47,-5.98,-0.39,-6.37,102.9,109.6,-6.7,90.1,0.269,0.278,0.516,0.473,14.3,27.8,0.209,0.513,13.7,70.7,0.209,Prudential Center,460719,13961
2012,Cleveland Cavaliers,26,21,45,17,49,-7.2,-0.14,-7.34,101.1,108.9,-7.8,91.3,0.307,0.238,0.505,0.463,14.3,28.9,0.22,0.508,13.1,72.2,0.202,Quicken Loans Arena,525577,15927
2012,Charlotte Bobcats,24.5,7,59,7,59,-13.91,-0.05,-13.96,95.2,110.4,-15.2,91.1,0.276,0.169,0.483,0.439,13.9,23.6,0.206,0.512,12.8,70.9,0.206,Time Warner Cable Arena,486984,14757
2011,Miami Heat*,29,58,24,61,21,7.46,-0.71,6.76,111.7,103.5,8.2,90.9,0.363,0.235,0.573,0.524,13.5,25.2,0.279,0.475,12.6,75.5,0.223,AmericanAirlines Arena,810930,19779
2011,Chicago Bulls*,26.4,62,20,61,21,7.32,-0.79,6.53,108.3,100.3,8,90.4,0.305,0.215,0.541,0.501,13.5,29.4,0.227,0.463,13.6,76.2,0.222,United Center,893462,21792
2011,Los Angeles Lakers*,30.2,57,25,58,24,6.11,-0.1,6.01,111,104.3,6.7,90.7,0.293,0.22,0.545,0.502,12.3,29.2,0.228,0.477,12.8,72.3,0.181,STAPLES Center,778877,18997
2011,San Antonio Spurs*,28.8,61,21,56,26,5.71,0.16,5.86,111.8,105.6,6.2,92.3,0.299,0.261,0.567,0.527,12.8,24.9,0.229,0.491,12.6,74.6,0.19,AT&T Center,750879,18314
2011,Orlando Magic*,27.6,52,30,56,26,5.46,-0.54,4.92,107.9,102,5.9,91.2,0.328,0.328,0.554,0.521,14.3,26.1,0.227,0.475,13.3,76.9,0.219,Amway Center,777852,18972
2011,Boston Celtics*,29.5,56,26,57,25,5.37,-0.54,4.83,106.2,100.3,5.9,90.4,0.305,0.18,0.561,0.519,14.5,21.1,0.235,0.469,14.8,74.7,0.235,TD Garden,763584,18624
2011,Denver Nuggets*,27.3,50,32,54,28,4.76,0.05,4.81,112.3,107.3,5,95.6,0.367,0.258,0.574,0.526,13.1,23.9,0.281,0.5,12.7,75.4,0.224,Pepsi Center,696568,16989
2011,Dallas Mavericks*,30.9,57,25,53,29,4.23,0.18,4.41,109.7,105,4.7,91.3,0.286,0.274,0.565,0.525,13.6,24.1,0.222,0.488,13,74.8,0.206,American Airlines Center,824162,20102
2011,Oklahoma City Thunder*,23.7,55,27,51,31,3.79,0.02,3.81,111.2,107.2,4,92.7,0.363,0.212,0.561,0.501,13.1,27.4,0.299,0.493,12.9,73.6,0.228,Chesapeake Energy Arena,744068,18148
2011,Memphis Grizzlies*,25.2,46,36,48,34,2.34,0.2,2.55,107.6,105.1,2.5,91.9,0.291,0.136,0.534,0.493,13,28.9,0.218,0.502,15.7,72.5,0.228,FedEx Forum,600687,14651
2011,Houston Rockets,26.5,43,39,47,35,2.18,0.19,2.37,111.3,109,2.3,94.2,0.299,0.264,0.55,0.503,12.3,27.4,0.239,0.5,12.6,72.7,0.219,Toyota Center,663839,16191
2011,Portland Trail Blazers*,26.7,48,34,46,36,1.52,0.32,1.85,108.8,107.1,1.7,87.9,0.278,0.228,0.533,0.486,12.6,29.5,0.224,0.51,15.4,72,0.231,Rose Garden Arena,840924,20510
2011,New Orleans Hornets*,26.3,46,36,44,38,0.89,0.39,1.28,106.2,105.2,1,88.7,0.296,0.192,0.537,0.493,12.8,25.1,0.226,0.501,14.4,76.2,0.22,New Orleans Arena,603088,14709
2011,Philadelphia 76ers*,24.7,41,41,45,37,1.5,-0.5,1.01,106.6,105,1.6,91.7,0.273,0.184,0.535,0.494,12.3,24.6,0.21,0.487,13.5,74.5,0.231,Wells Fargo Center,604823,14752
2011,New York Knicks*,25.3,42,40,43,39,0.78,-0.3,0.48,110.9,110.1,0.8,95.6,0.304,0.303,0.561,0.513,12.6,24.2,0.246,0.511,13.8,71.9,0.24,Madison Square Garden (IV),808879,19729
2011,Phoenix Suns,29.6,40,42,39,43,-0.89,0.43,-0.46,109.5,110.4,-0.9,94.4,0.283,0.271,0.559,0.522,13.2,23.7,0.215,0.513,13.1,71.6,0.211,US Airways Center,720249,17567
2011,Milwaukee Bucks,26.7,35,47,38,44,-0.84,-0.17,-1.02,101.6,102.5,-0.9,89.8,0.287,0.216,0.511,0.467,13,24.7,0.217,0.481,14.7,74.8,0.236,Bradley Center,631912,15412
2011,Atlanta Hawks*,27.4,44,38,39,43,-0.82,-0.28,-1.1,106.1,107,-0.9,89.3,0.269,0.222,0.542,0.501,13.5,23.4,0.209,0.495,12.3,74.6,0.211,Philips Arena,641596,15649
2011,Indiana Pacers*,25.9,37,45,38,44,-1.07,-0.3,-1.38,104.8,106,-1.2,94.7,0.3,0.244,0.533,0.486,14.1,25.9,0.235,0.487,12.8,74.1,0.237,Conseco Fieldhouse,555077,13538
2011,Utah Jazz,26.8,39,43,36,46,-1.83,0.39,-1.44,108.1,110.1,-2,91,0.313,0.191,0.544,0.498,13.5,27,0.241,0.505,13.8,71.7,0.275,EnergySolutions Arena,799982,19512
2011,Golden State Warriors,25.2,36,46,35,47,-2.33,0.33,-2,108.2,110.7,-2.5,94.8,0.241,0.248,0.544,0.51,13.3,26.7,0.183,0.509,14.5,69.3,0.259,Oracle Arena,766398,18693
2011,Los Angeles Clippers,24.6,32,50,32,50,-3.13,0.42,-2.71,105.3,108.7,-3.4,92.8,0.332,0.23,0.535,0.496,15.1,28.4,0.234,0.499,12.8,73.2,0.25,STAPLES Center,727462,17743
2011,Detroit Pistons,27.2,30,52,31,51,-3.6,-0.18,-3.78,107.7,111.7,-4,89.2,0.279,0.189,0.533,0.495,12.5,27.4,0.206,0.526,13.8,72.1,0.235,The Palace of Auburn Hills,683080,16660
2011,Charlotte Bobcats,26.9,34,48,29,53,-4,-0.08,-4.08,103.4,107.8,-4.4,89.6,0.314,0.189,0.528,0.482,14.1,25.7,0.237,0.5,12.9,75.2,0.229,Time Warner Cable Arena,649694,15846
2011,Sacramento Kings,24.8,24,58,27,55,-5.34,0.54,-4.8,103.5,109,-5.5,95.2,0.284,0.183,0.519,0.48,14.4,29.9,0.208,0.513,13.5,74.4,0.233,Power Balance Pavilion,569496,13890
2011,Minnesota Timberwolves,23.8,17,65,24,58,-6.63,0.67,-5.97,104.2,111.1,-6.9,96.5,0.282,0.223,0.526,0.483,15.1,29.6,0.217,0.514,13.1,73.7,0.251,Target Center,624960,15243
2011,New Jersey Nets,24.8,24,58,24,58,-6.24,-0.04,-6.28,103.1,109.9,-6.8,89.9,0.283,0.201,0.517,0.474,13.4,26.1,0.215,0.503,11.8,74.2,0.241,Prudential Center,581378,13949
2011,Toronto Raptors,24.5,22,60,24,58,-6.28,0.01,-6.28,106.1,112.9,-6.8,92.9,0.293,0.162,0.533,0.491,13.7,28.2,0.221,0.522,13,72,0.251,Air Canada Centre,680255,16592
2011,Washington Wizards,24.9,23,59,22,60,-7.4,0.11,-7.3,102.4,110.2,-7.8,93.8,0.29,0.172,0.513,0.471,13.9,28,0.216,0.512,14.4,70.5,0.249,Verizon Center,688466,16792
2011,Cleveland Cavaliers,26.6,19,63,18,64,-9.01,0.14,-8.88,102.2,111.8,-9.6,93,0.312,0.224,0.518,0.472,13.4,24.2,0.233,0.524,12.7,73.3,0.211,Quicken Loans Arena,824595,20112
2010,Orlando Magic*,27.9,59,23,61,21,7.49,-0.37,7.12,111.4,103.3,8.1,92,0.34,0.35,0.573,0.536,13.6,24.6,0.246,0.477,12.2,77.4,0.205,Amway Arena,715901,17461
2010,Cleveland Cavaliers*,28,61,21,59,23,6.52,-0.36,6.17,111.2,104.1,7.1,91.4,0.341,0.248,0.57,0.532,13.4,25.1,0.246,0.482,12.3,77.2,0.218,Quicken Loans Arena,843042,20562
2010,Utah Jazz*,25.6,53,29,55,27,5.34,-0.01,5.33,110.7,105,5.7,93.8,0.34,0.184,0.565,0.524,14.2,26.8,0.252,0.492,14.2,75.6,0.269,EnergySolutions Arena,794512,19378
2010,San Antonio Spurs*,28.7,50,32,55,27,5.09,-0.02,5.07,110,104.5,5.5,91.7,0.296,0.232,0.552,0.515,12.9,26.8,0.219,0.483,12.1,76.3,0.214,AT&T Center,741676,18090
2010,Los Angeles Lakers*,28.4,57,25,54,28,4.72,0.06,4.78,108.8,103.7,5.1,92.8,0.289,0.227,0.538,0.496,12.4,27.6,0.221,0.484,13.2,74.4,0.195,STAPLES Center,778877,18997
2010,Phoenix Suns*,28.5,54,28,54,28,4.9,-0.23,4.67,115.3,110.2,5.1,95.3,0.312,0.261,0.585,0.546,13.6,27.6,0.24,0.491,11.6,70.8,0.224,US Airways Center,723582,17648
2010,Atlanta Hawks*,26.5,53,29,54,28,4.66,-0.22,4.44,111.9,106.7,5.2,90.1,0.281,0.214,0.545,0.506,11.4,28.2,0.213,0.496,13.2,72.7,0.208,Philips Arena,678375,16546
2010,Denver Nuggets*,27.7,53,29,52,30,4.09,0.06,4.15,111.8,107.5,4.3,94.8,0.376,0.227,0.561,0.509,12.7,26.1,0.29,0.495,13.8,72.4,0.251,Pepsi Center,737301,17983
2010,Oklahoma City Thunder*,23.2,50,32,51,31,3.49,0.06,3.55,108.3,104.6,3.7,93.1,0.333,0.185,0.547,0.494,13.9,28.6,0.268,0.483,14,73.6,0.229,Oklahoma City Arena,738149,18004
2010,Boston Celtics*,29.4,50,32,52,30,3.66,-0.29,3.37,107.7,103.8,3.9,91.6,0.332,0.228,0.564,0.522,14.5,22.8,0.248,0.487,14.9,73.8,0.251,TD Garden,763584,18624
2010,Portland Trail Blazers*,26.6,50,32,51,31,3.3,-0.13,3.18,110.8,107.1,3.7,87.7,0.315,0.215,0.547,0.499,12.1,28.2,0.249,0.502,13.3,74.8,0.219,Rose Garden Arena,840371,20497
2010,Dallas Mavericks*,30.7,55,27,49,33,2.72,-0.06,2.66,109.2,106.3,2.9,92.5,0.277,0.222,0.552,0.506,12.3,24.3,0.226,0.495,13.6,73.7,0.206,American Airlines Center,819770,19994
2010,Miami Heat*,27.1,47,35,48,34,2.28,-0.29,1.99,106.6,104.1,2.5,89.6,0.296,0.219,0.537,0.496,12.8,26.1,0.223,0.48,13.9,74.9,0.246,AmericanAirlines Arena,726935,17730
2010,Milwaukee Bucks*,26.4,46,36,46,36,1.7,-0.32,1.37,104.9,103.1,1.8,91.7,0.239,0.259,0.518,0.482,12.3,26.2,0.181,0.486,14.6,76.4,0.266,Bradley Center,619453,15109
2010,Charlotte Bobcats*,27.4,44,38,45,37,1.46,-0.17,1.3,104.4,102.8,1.6,90.4,0.346,0.211,0.538,0.49,15.1,26.5,0.26,0.491,14.7,74.2,0.194,Time Warner Cable Arena,648520,15818
2010,Houston Rockets,26,42,40,40,42,-0.37,0.35,-0.02,107.6,108,-0.4,94,0.292,0.265,0.537,0.494,13.2,26.9,0.225,0.511,13.6,73.8,0.215,Toyota Center,677658,16528
2010,Memphis Grizzlies,24.1,40,42,37,45,-1.51,0.13,-1.39,108.3,109.9,-1.6,93.6,0.32,0.148,0.536,0.494,13.7,31.3,0.235,0.52,13.2,73.3,0.205,FedEx Forum,552914,13486
2010,Chicago Bulls*,26.2,41,41,36,46,-1.63,0,-1.64,103.5,105.3,-1.8,93.1,0.287,0.156,0.52,0.477,13.3,26.6,0.217,0.484,12.3,74.8,0.212,United Center,849760,20726
2010,Toronto Raptors,25.2,40,42,36,46,-1.78,-0.05,-1.83,111.3,113.2,-1.9,93.1,0.319,0.211,0.564,0.521,12.7,24.7,0.244,0.513,11.8,72.9,0.247,Air Canada Centre,733784,17897
2010,New Orleans Hornets,27.5,37,45,34,48,-2.46,0.19,-2.27,107.4,110.1,-2.7,92.6,0.243,0.23,0.543,0.506,12.7,24.8,0.189,0.523,13.5,73.8,0.205,New Orleans Arena,617366,15058
2010,Indiana Pacers,26.6,32,50,33,49,-3.01,-0.1,-3.11,103.7,106.8,-3.1,97.1,0.296,0.278,0.536,0.491,13.8,21.6,0.229,0.49,13.4,73,0.258,Conseco Fieldhouse,582295,14202
2010,Golden State Warriors,25.1,26,56,32,50,-3.6,0.32,-3.28,108.1,111.7,-3.6,100.4,0.294,0.238,0.557,0.514,13.1,20.9,0.23,0.525,15.1,68.5,0.26,Oracle Arena,739120,18027
2010,Philadelphia 76ers,25.4,27,55,30,52,-3.9,-0.03,-3.93,106.1,110.3,-4.2,91.6,0.27,0.206,0.534,0.496,13.7,27.6,0.204,0.518,13.8,73.2,0.231,Wachovia Center,583219,14225
2010,New York Knicks,25.4,29,53,31,51,-3.82,-0.19,-4.01,107.6,111.6,-4,94,0.256,0.312,0.547,0.509,13,23.5,0.2,0.526,13.3,72.1,0.207,Madison Square Garden (IV),799550,19501
2010,Sacramento Kings,24.1,25,57,29,53,-4.37,0.3,-4.06,105.3,109.9,-4.6,94,0.286,0.201,0.528,0.491,13.6,27.8,0.207,0.505,12.6,73.5,0.244,Power Balance Pavilion,543416,13254
2010,Washington Wizards,27.6,26,56,28,54,-4.78,0.06,-4.72,104.2,109.4,-5.2,91.6,0.283,0.183,0.524,0.481,13.9,27.6,0.216,0.502,12.8,72.4,0.239,Verizon Center,664398,16205
2010,Detroit Pistons,26.7,27,55,26,56,-5.11,0.09,-5.02,105.6,111.4,-5.8,88.5,0.303,0.18,0.515,0.474,12.8,30.3,0.22,0.526,14.2,73.4,0.264,The Palace of Auburn Hills,768826,18752
2010,Los Angeles Clippers,27.3,29,53,24,58,-6.35,0.34,-6.01,103.3,110.1,-6.8,92.6,0.283,0.221,0.529,0.491,14.8,27.1,0.206,0.509,12.2,74,0.214,STAPLES Center,670063,16343
2010,New Jersey Nets,24.8,12,70,17,65,-9.12,0.19,-8.93,100.6,110.5,-9.9,91.4,0.307,0.181,0.509,0.458,13.7,25.1,0.24,0.517,13.3,71.8,0.229,Izod Center,537230,13103
2010,Minnesota Timberwolves,24.1,15,67,17,65,-9.6,0.54,-9.06,101.7,111.6,-9.9,96.1,0.278,0.171,0.518,0.478,14.6,26.7,0.207,0.525,13,73.6,0.22,Target Center,619170,15102
